epoch,lr,seconds,train_loss,train_accuracy,train_precision,train_recall,train_f1_macro,train_auc_roc,val_loss,val_accuracy,val_precision,val_recall,val_f1_macro,val_auc_roc
1,0.001,69.4020483493805,2.2373002415625707,0.1781773093614383,0.15336695229629624,0.23524128700602337,0.12710754387145515,0.7967991324128368,2.2495044900270833,0.17197062423500611,0.1218798653565426,0.223188279706882,0.12016083378469955,0.7836082646941305
2,0.001,53.57659578323364,1.8746834029636985,0.17185368877867327,0.22264707338177817,0.33469971388625497,0.17920054410070785,0.8449536617203475,1.999049368219831,0.15422276621787026,0.20549000488478325,0.3236234256634543,0.17275278249168852,0.831303103720862
3,0.001,46.69336748123169,1.528304389427703,0.2773713577185369,0.37718530218439195,0.4795526195605461,0.35221451749881877,0.8819474053701661,1.8119551995392966,0.2558139534883721,0.24321135458541293,0.36464080482470346,0.2281675341645621,0.8652422405192997
4,0.001,49.98104476928711,1.3152860892535883,0.33217606943583383,0.46372370020275044,0.5699938654021371,0.42975605843216086,0.9110001191387751,1.6765016358222635,0.2533659730722154,0.3383702858794181,0.4430780518139577,0.29607612917538895,0.8896331900472234
5,0.001,65.66906690597534,1.0559639120759685,0.3991320520768754,0.5609466294885336,0.632352298284233,0.5359976343578675,0.9350837544557941,1.6214698893057964,0.3445532435740514,0.4094954597062583,0.5017048248368624,0.396676161506211,0.9087818417729856
6,0.001,53.98456788063049,0.9328521441171721,0.54085554866708,0.6453121093260723,0.6685617669401136,0.6223908138277356,0.9519791509693599,1.8273219465479857,0.47613219094247244,0.44592344130060235,0.5363671151928109,0.4427399234153597,0.9269511140524743
7,0.001,55.77882647514343,0.7951039229223467,0.5694978301301922,0.698866625567736,0.7100577361512205,0.6686244857447197,0.9670365049234952,1.5081202365923103,0.5085679314565483,0.5206473989623303,0.5726068014941111,0.5002299537491363,0.94508519745353
8,0.001,47.84731435775757,0.6771299402922928,0.6122752634841909,0.7084200792356405,0.7510082874420442,0.6901472944609468,0.9759685579855446,1.4167637851276187,0.5318237454100367,0.5191254821839835,0.5865199527673206,0.5110737854091052,0.9541352707728044
9,0.001,54.58006477355957,0.5304126677236717,0.7101053936763794,0.7559433314469131,0.820430355857084,0.7554946666617337,0.9844365124175697,1.0755770751429012,0.591187270501836,0.5962059435746585,0.6179013438832998,0.5747489105882198,0.9652283407110653
10,0.001,58.25330853462219,0.5187036702149563,0.755114693118413,0.78609487089285,0.8212926044305421,0.777163838087283,0.9867211824060845,1.7041727445992292,0.6260709914320686,0.5625509819538679,0.6181249303469728,0.5557196520454192,0.9672824213444553
11,0.001,44.10582685470581,0.4249967317291468,0.8081835089894607,0.7997321418439276,0.8525980019505583,0.8156681792949273,0.9908073237484547,1.2270452052610157,0.6658506731946144,0.6228686383903191,0.6164846445663609,0.6094961422284737,0.9717797370740433
12,0.001,53.18529009819031,0.3958466894051634,0.839181649101054,0.8372429862221342,0.8550920906732712,0.8132765807784477,0.9925674023064452,1.1019258905507652,0.7068543451652387,0.6873023028473004,0.6961191357384034,0.6458196094511364,0.9754866997884231
13,0.001,50.00929641723633,0.34229134380059884,0.8628642281463113,0.8590046519249863,0.8697533390191449,0.8240970399377879,0.9942871071841195,1.5090414573104467,0.7068543451652387,0.6157742001165559,0.6866514166064529,0.624946341660865,0.9719225281201547
14,0.001,43.20146369934082,0.3232470369207807,0.8869187848729077,0.827663658798668,0.8789887612942803,0.8378497920334842,0.9954460811150716,1.3043076207763271,0.7246022031823746,0.6285195101654935,0.6647000213185098,0.5994255370037662,0.9785522833194923
15,0.001,50.127036333084106,0.30043508028548027,0.9008059516429014,0.8470723084704748,0.879183885600997,0.8520043945409495,0.9962940536035619,1.3000248494755244,0.7662178702570379,0.6116559529057847,0.6779628829708322,0.6327529833689022,0.9774138591679232
16,0.0005,47.40542149543762,0.26621205884609916,0.9070055796652201,0.9011279473120937,0.8942801299266863,0.8651858720139545,0.9968551188575043,1.4858128240233974,0.7460220318237454,0.6421630324141605,0.6692817766820233,0.6154794663407966,0.9773429975397457
17,0.0005,60.063207387924194,0.26057636359151076,0.9158090514569126,0.8705771387344556,0.8955068231943626,0.8737544667972188,0.9974053155979892,1.3892576744098266,0.7472460220318238,0.6606360904712001,0.6546059488441665,0.6230987009926219,0.9808555897844766
18,0.0005,53.279128074645996,0.2221394145056393,0.9304401735895846,0.9093839777513335,0.9132166163323816,0.8990952201587887,0.9978175811029655,1.3562015804987642,0.7594859241126071,0.6555444642707272,0.6585334832468794,0.6413121647330124,0.9811103129667276
19,0.00025,45.81570100784302,0.22250307620735696,0.9226286422814631,0.911597858845902,0.9126879269684973,0.890735863872228,0.9979089053273364,1.4040250591432157,0.7441860465116279,0.6585984744071497,0.6546779815972341,0.6197681739642024,0.9801608425660515
